<?xml version="1.0" encoding="UTF-8" standalone="yes"?>
<addon id="repository.tridentstream" name="Tridentstream Kodi Addons" version="1.0.0" provider-name="JohnDoee [JohnDoee@github]">
        <extension point="xbmc.addon.repository" name="Tridentstream Addons">
                <info compressed="false">https://kodi.tridentstream.org/stable/addons.xml</info>
                <checksum>https://kodi.tridentstream.org/stable/addons.xml.md5</checksum>
                <datadir zip="true">https://kodi.tridentstream.org/beta/</datadir>
        </extension>
        <extension point="xbmc.addon.metadata">
                <summary>Install Tridentstream Addons</summary>
                <description>Download and install addons for Tridentstream</description>
                <platform>all</platform>
        </extension>
</addon>
