<?xml version="1.0" encoding="UTF-8" standalone="yes"?>
<addon id="plugin.video.tridentstream" name="Tridentstream" version="1.0.1" provider-name="Anders Jensen">
  <requires>
    <import addon="xbmc.python" version="2.24.0" />
  </requires>
  <extension point="xbmc.python.pluginsource" library="addon.py">
    <provides>video</provides>
  </extension>
  <extension point="xbmc.addon.metadata">
    <platform>all</platform>
    <language>en</language>
    <summary lang="en">Tridentstream client addon for Kodi</summary>
    <description lang="en">Tridentstream client addon for Kodi</description>
    <disclaimer lang="en">Dancing is forbidden?</disclaimer>
    <assets>
      <icon>resources/icon.png</icon>
    </assets>
  </extension>
  <extension point="xbmc.service" library="service.py" start="login" />
</addon>
